Year, kWh, kvarh, "Peak kW", "peak kVA", "Losses kWh", "Losses kvarh", "Peak Losses kW"
0, 271135831.833226, 84613763.694667, 67882.4082566631, 71034.8406596022, 1001910.80958682, 3054840.67383534, 212.789353561205
