Year, "kWh", "kvarh", "Max kW", "Max kVA", "Zone kWh", "Zone kvarh", "Zone Max kW", "Zone Max kVA", "Overload kWh Normal", "Overload kWh Emerg", "Load EEN", "Load UE", "Zone Losses kWh", "Zone Losses kvarh", "Zone Max kW Losses", "Zone Max kvar Losses", "Load Losses kWh", "Load Losses kvarh", "No Load Losses kWh", "No Load Losses kvarh", "Max kW Load Losses", "Max kW No Load Losses", "Line Losses", "Transformer Losses", "Line Mode Line Losses", "Zero Mode Line Losses", "3-phase Line Losses", "1- and 2-phase Line Losses", "Gen kWh", "Gen kvarh", "Gen Max kW", "Gen Max kVA", "12.5 kV Losses", "0.208 kV Losses", "0.416 kV Losses", "Aux1", "Aux6", "Aux11", "Aux16", "12.5 kV Line Loss", "0.208 kV Line Loss", "0.416 kV Line Loss", "Aux2", "Aux7", "Aux12", "Aux17", "12.5 kV Load Loss", "0.208 kV Load Loss", "0.416 kV Load Loss", "Aux3", "Aux8", "Aux13", "Aux18", "12.5 kV No Load Loss", "0.208 kV No Load Loss", "0.416 kV No Load Loss", "Aux4", "Aux9", "Aux14", "Aux19", "12.5 kV Load Energy", "0.208 kV Load Energy", "0.416 kV Load Energy", "Aux5", "Aux10", "Aux15", "Aux20"
0, 28693857.9301646, 4432933.57339664, 5175.0678303601, 5390.32934982574, 27696890.1409209, 13363617.6978244, 4967.41798555471, 5470.81012032649, 505288.410937873, 113800.237350691, 1394683.47328927, 395332.864714407, 996911.973923336, 2557907.96364514, 212.154355496372, 418.648961515487, 532904.130461257, 717442.750059672, 464007.843462076, 1840465.21358546, 160.636839254455, 55.0092116016932, 467257.746276724, 529654.22764661, 449127.792961573, 1303.10616851507, 450430.898733425, 16826.8475432989, 0, 0, 0, 0, 751612.308363823, 229568.793353437, 15730.8722060726, 0, 0, 0, 0, 221958.080717214, 229568.793353437, 15730.8722060726, 0, 0, 0, 0, 65646.3841845343, 0, 0, 0, 0, 0, 0, 464007.843462076, 0, 0, 0, 0, 0, 0, 0, 18263429.6285285, 9433460.51239235, 0, 0, 0, 0
